Name	Title	Coding
t3_17ksn75	any one else wear a halloween costume to class	Events & Fun
t3_17lwjmh	Discouraged after bad grade	Personal Experiences
t3_17rqu2f	At least they are upfront that this position is going to be an internal hire	Administration
t3_17ovt3d	good news monday	Campus
t3_17q5if4	There's a special place in hell reserved for TAs who don't give feedback	Academia
t3_17ook66	Tax services posters?	Campus
t3_17s7p14	Good spots for chalkboards or dry erase boards on campus?	Campus
t3_17qwede	Interesting Dance Talk on McGill honourary degree recipient (and centenarian) Francoise Sullivan!	Events & Fun
t3_17suflu	Wrote exam with accommodations/worried for aftermath	Personal Experiences
t3_17mh9e7	Current students: how has the tuition hike affected the likelihood of you staying and working in Montreal?	Administration
t3_17ttgjq	Final Exam Advice	Academia
t3_17q6ikz	Why McGill did not forced French courses?	Administration
t3_17kxidx	PSYC 443 and 342?	Academia
t3_17mutjz	recent graduate with no health insurance yet - need some advice (urgent)	Personal Experiences
t3_17o5gza	Do not rent 495 Prince Arthur	Personal Experiences
t3_17qtgen	calling all psych students	Discussion
t3_17si7kl	Is securing a lab position that difficult?	Academia
t3_17rwoej	REAL TALK FRIDAY	Discussion
t3_17q82ni	Math 204	Academia
t3_17q0slu	Research Paper 360	Academia
t3_17n8q5i	Shinzo wo sasageyo	Discussion
t3_17rgump	Econ 295 article discussion	Academia
t3_17u57du	Year at McGill (experiences at McGill)	Personal Experiences
t3_17nv74l	what's the hardest math course you've taken at McGill	Academia
t3_17popv6	Working at MILA as an undergrad?	Academia
t3_17le04d	Graduated from Summer 2023, how are you doing	Personal Experiences
t3_17n3s4k	Pay not received for student job	Administration
t3_17ma128	Is there anyone in film/ resources for film classes?	Academia
t3_17u5z5q	Math 235 and 254 final exam prep	Academia
t3_17lei0a	International students by citizenship 2023-2024	Academia
t3_17u3wgk	good news monday	Campus
t3_17o4q0z	Whatâ€™s going on with the tuition problem in Quebec?	Administration
t3_17mr80d	How to make friends as a grad student	Personal Experiences
t3_17uewlu	Post Grad Advice?	Personal Experiences
t3_17klwph	Study permit question	Administration
t3_17mhrfa	Speak up NOW!!!!!	Discussion
t3_17s59jw	Why is this subreddit so blatantly anti palestinian	Discussion
t3_17l1npo	Where does everybody get their lab opportunities?	Academia
t3_17lh70y	Lost Poli student	Personal Experiences
t3_17n0u3y	Can't watch lecture recordings	Technical Issues
t3_17q3o3s	looking for dnd group	Campus
t3_17u136x	Exam conflict?	Academia
t3_17n46ea	biol 200	Academia
t3_17o4r8q	Jam room	Campus
t3_17owjfg	Sexual violence services	Campus
t3_17mbhdy	Are student publications still alive?	Campus
t3_17le795	Yall need to leave me alone	Personal Experiences
t3_17u337l	Psychology undergrad hardest core classes	Academia
t3_17ohiz4	psyc 315, 331, or 333	Academia
t3_17nsv68	How large are upperclassmen classes?	Academia
